Peaks_1,10,,,,
Peaks_2,10,,,,
Peaks_3,10,,,,
Peaks_4,10,,,,
Peaks_5,10,,,,
Vial_default,1.414,,,,
Vial_depth,0.28,,,,
V_outer,0.427,,,,
Fit_lower_E,62,,,,
Fit_Upper_e,150,,,,
Max_iterations,5,,,,
Rand_cor_lower,1800,,,,
Rand_cor_upper,1950,,,,
Rand_cor_mult,1,,,,
Rand_cor_offset,-7,,,,
kappa,0.82372,,,,
exclude_lower,0,,,,
exclude_upper,0,,,,
na_1,61,,,,
g_width2,0.2,,,,
na_2,0.1,,,,
na_3,0.903,,,,
par_y,0,,,,
gen_angle1,19.4866985,,,,
gen_angle2,62.93051164,,,,
g_width,1.25,,,,
tailing_offset,0.4,,,,
XRF_back_angle,150,,,,
Cd_thickness,0.1,,,,
vial_thick,0.2,,,,
na_4,0.803,,,,
SS_filter,0.041,,,,
d_coll,0.3,,,,
allow_continue,0,,,,
use_passive,0,,,,
fit_increment,0.001,,,,
ref_temp,25,,,,
temp_coeff,0.0006,,,,
temp_coeff_sigma,0,,,,
sub_intervals,1,,,,
spare_1,0,,,,
spare_2,0,,,,
prime_SA_1,47.68,0.032064786,0.001028151,-7.71E-08,0
prime_SA_2,-0.002924,2.41E-06,-7.71E-08,5.79E-12,0
prime_SA_3,0,0,0,0,0
second_SA_1,60,0.018506832,0.000342503,-6.54E-08,0
second_SA_2,-0.003482745,3.53E-06,-6.54E-08,1.25E-11,0
second_SA_3,0,0,0,0,0
tertiary_SA_1,50.23894911,0.018506832,0.000342503,-6.54E-08,0
tertiary_SA_2,-0.003482745,3.53E-06,-6.54E-08,1.25E-11,0
tertiary_SA_3,0,0,0,0,0
quaternary_SA_1,50.23894911,0.018506832,0.000342503,-6.54E-08,0
quaternary_SA_2,-0.003482745,3.53E-06,-6.54E-08,1.25E-11,0
quaternary_SA_3,0,0,0,0,0
quinary_SA_1,50.23894911,0.018506832,0.000342503,-6.54E-08,0
quinary_SA_2,-0.003482745,3.53E-06,-6.54E-08,1.25E-11,0
quinary_SA_3,0,0,0,0,0
blank1,0,,,,
blank2,0,,,,
blank3,0,,,,
Eff_par_1,-7.26,,,,
Eff_par_2,0.8296,,,,
Eff_par_3,-0.5733,,,,
Eff_par_4,-0.3383,,,,
Eff_par_5,0.4638,,,,
Eff_par_6,-0.1317,,,,
Eff_par_7,160,,,,
blank4,0,,,,
blank5,0,,,,
blank6,0,,,,
