Peaks_1, 10
Peaks_2, 10
Peaks_3, 10
Peaks_4, 10
Peaks_5, 10
Vial_default, 1.414
Vial_depth, 0.28
V_outer, 0.427
Fit_lower_E, 70
Fit_Upper_e, 150
Max_iterations, 5
Rand_cor_lower, 1800
Rand_cor_upper, 1950
Rand_cor_mult, 1
Rand_cor_offset, -8
kappa, 0.82372
exclude_lower, 114
exclude_upper, 117
na_1, 67
g_width2, 0.2
na_2, 0.1
na_3, 0.903
par_y, 0
gen_angle1, 19.4866985
gen_angle2, 62.93051164
g_width, 1.25
tailing_offset, 0.4
XRF_back_angle, 149
Cd_thickness, 0.08
vial_thick, 0.24
na_4, 0.001
SS_filter, 0.08
d_coll, 0.3
allow_continue, 0
use_passive, 0
fit_increment, 0.001
ref_temp, 20
temp_coeff, 0.0006
temp_coeff_sigma, 0
sub_intervals, 1
spare_1, 0
spare_2, 0
prime_SA_1, 115.00632, 0.119218447463018, 0.014213038, -6.07374142399866E-07, 0
prime_SA_2, -0.00324310480084469, 5.09463271886418E-06, -6.07374142399866E-07, 2.59552825401214E-11, 0
prime_SA_3, 0, 0, 0, 0, 0
second_SA_1, 75.23894911, 0.018506832, 0.000342503, -6.54E-08, 0
second_SA_2, -0.003482745, 3.53E-06, -6.54E-08, 1.25E-11, 0
second_SA_3, 0, 0, 0, 0, 0
tertiary_SA_1, 50.23894911, 0.018506832, 0.000342503, -6.54E-08, 0
tertiary_SA_2, -0.003482745, 3.53E-06, -6.54E-08, 1.25E-11, 0
tertiary_SA_3, 0, 0, 0, 0, 0
quaternary_SA_1, 50.23894911, 0.018506832, 0.000342503, -6.54E-08, 0
quaternary_SA_2, -0.003482745, 3.53E-06, -6.54E-08, 1.25E-11, 0
quaternary_SA_3, 0, 0, 0, 0, 0
quinary_SA_1, 50.23894911, 0.018506832, 0.000342503, -6.54E-08, 0
quinary_SA_2, -0.003482745, 3.53E-06, -6.54E-08, 1.25E-11, 0
quinary_SA_3, 0, 0, 0, 0, 0
blank1, 0
blank2, 0
blank3, 0
Eff_par_1, -7.26
Eff_par_2, 0.8296
Eff_par_3, -0.5733
Eff_par_4, -0.3383
Eff_par_5, 0.4638
Eff_par_6, -0.1317
Eff_par_7, 160
blank4, 0
blank5, 0
blank6, 0
fp_bias, 1
fp_bias_err, 0
blank8, 0
blank9, 0
fp_corr_par, -0.00095
fp_corr_par_err, 0.00014
fp_corr_E1, 122
fp_corr_E2, 145
blank10, 0
blank11, 0
blank12, 0
blank13, 0
blank14, 0
blank15, 0
blank16, 0
blank17, 0
blank18, 0
blank19, 0
blank20, 0
blank21, 0
