C:\XRF_TEMP\XRF_files\attenuation_coefficients\XRF_branching_ratios_default.csv,,
fp1_name,Ce144,2
fp2_name,Eu154,1
fp3_name,Eu155,2
fp4_name,NA1,0
fp5_name,NA2,0
fp1_1,80.12,0.101801802
fp1_2,133.515,1
fp1_3,0,0
fp1_4,0,0
fp1_5,0,0
fp1_6,0,0
fp1_7,0,0
fp1_8,0,0
fp1_9,0,0
fp1_10,0,0
fp2_1,123.068,1
fp2_2,0,0
fp2_3,0,0
fp2_4,0,0
fp2_5,0,0
fp2_6,0,0
fp2_7,0,0
fp2_8,0,0
fp2_9,0,0
fp2_10,0,0
fp3_1,105.306,1
fp3_2,86.543,1.650485437
fp3_3,0,0
fp3_4,0,0
fp3_5,0,0
fp3_6,0,0
fp3_7,0,0
fp3_8,0,0
fp3_9,0,0
fp3_10,0,0
